{
  "hidden_layer_weights": [
    [
      [
        1.129232765287433,
        1.1866511008169895,
        1.6734833183986357
      ],
      [
        1.2567059595165044,
        0.3109369854253213,
        0.9330133030567026
      ],
      [
        -0.24647429626519515,
        1.1042729651030228,
        1.5078592160250275
      ],
      [
        0.5989446628978993,
        1.8295527453234322,
        -0.3565768164743256
      ]
    ],
    [
      [
        1.0923313617122696,
        0.7785330990627175,
        0.47619022151831514
      ],
      [
        0.30664218084024303,
        -0.3264719042953889,
        -0.818345752258789
      ],
      [
        1.9226021883644921,
        2.118800876099568,
        1.1817072909263642
      ],
      [
        0.4527231530938149,
        0.6876554263166884,
        -0.17999039033146036
      ]
    ],
    [
      [
        2.1033309728361527,
        1.1611365455707403,
        1.287210972191818
      ],
      [
        1.6573139778645605,
        1.9103639219209714,
        1.8734303897195868
      ],
      [
        1.2147754463608356,
        -0.9074986960946478,
        0.6133934725892878
      ],
      [
        -0.12129473797146487,
        0.09993384411593727,
        0.9470805739780335
      ]
    ]
  ],
  "thresholds": [
    0.6008752475060916,
    -0.3101519488042154,
    1.0630634654387299
  ],
  "thresholds1": [
    7.813381869623598,
    9.978335145962365,
    10.37551426678112
  ],
  "thresholds2": [
    -11.895532541692518,
    -9.552026607528251,
    -12.252486659796375
  ],
  "thresholds3": [
    -7.396073875282237,
    12.829215752348409
  ],
  "total_error": 9.860761317372973e-31
}